{
  "frame_id": 10643,
  "speed": 0.0,
  "camera": {},
  "lane": [
    {
      "bird_view_poly_coeff": [
        1.8132293224334717,
        0.04346032068133354,
        0.0,
        0.0
      ],
      "perspective_view_poly_coeff": [
        -80.40318298339844,
        2.2871198654174805,
        -0.00070421420969069,
        3.3479693684057565e-7
      ],
      "confidence": 99,
      "warning": true,
      "label": 2,
      "color": 4,
      "type": 1,
      "width": 0.23999999463558197,
      "start": [-15.0, 872.7418212890625],
      "end": [39.36000061035156, 422.7086486816406],
      "bird_view_pts": [
        [6.560001373291016, 2.119999885559082],
        [6.880001068115234, 2.119999885559082],
        [7.200000762939453, 2.119999885559082],
        [7.520000457763672, 2.1599998474121094],
        [7.840000152587891, 2.179999351501465],
        [8.15999984741211, 2.179999351501465],
        [8.480001449584961, 2.1999998092651367],
        [8.80000114440918, 2.219999313354492],
        [9.120000839233398, 2.239999771118164],
        [9.440000534057617, 2.219999313354492],
        [9.760000228881836, 2.239999771118164],
        [10.079999923706055, 2.260000228881836],
        [10.400001525878906, 2.2799997329711914],
        [10.720001220703125, 2.3000001907348633],
        [11.040000915527344, 2.3199996948242188],
        [11.360000610351562, 2.3199996948242188],
        [11.680000305175781, 2.359999656677246],
        [12.0, 2.359999656677246],
        [12.319999694824219, 2.380000114440918],
        [12.80000114440918, 2.3999996185302734],
        [13.120000839233398, 2.3999996185302734],
        [13.600000381469727, 2.4200000762939453],
        [13.920000076293945, 2.4200000762939453],
        [14.239999771118164, 2.439999580383301],
        [14.720001220703125, 2.4600000381469727],
        [15.200000762939453, 2.479999542236328],
        [15.520000457763672, 2.479999542236328],
        [16.0, 2.5399999618530273],
        [16.31999969482422, 2.5399999618530273],
        [16.64000129699707, 2.559999465942383],
        [16.96000099182129, 2.559999465942383],
        [17.280000686645508, 2.559999465942383],
        [17.600000381469727, 2.59999942779541],
        [18.079999923706055, 2.619999885559082],
        [18.399999618530273, 2.619999885559082],
        [18.880001068115234, 2.6399993896484375],
        [19.200000762939453, 2.6399993896484375],
        [19.68000030517578, 2.719999313354492],
        [20.15999984741211, 2.6999998092651367],
        [20.64000129699707, 2.719999313354492],
        [21.1200008392334, 2.739999771118164],
        [21.600000381469727, 2.739999771118164],
        [22.239999771118164, 2.760000228881836],
        [22.720001220703125, 2.8000001907348633],
        [23.360000610351562, 2.8400001525878906],
        [24.0, 2.859999656677246],
        [24.799999237060547, 2.859999656677246],
        [25.440000534057617, 2.9600000381469727],
        [26.240001678466797, 2.9600000381469727],
        [27.040000915527344, 2.979999542236328],
        [28.0, 3.059999465942383],
        [28.799999237060547, 3.119999885559082],
        [29.920000076293945, 3.1399993896484375],
        [30.880001068115234, 3.179999351501465],
        [32.15999984741211, 3.1999998092651367],
        [33.279998779296875, 3.239999771118164],
        [34.720001220703125, 3.3199996948242188],
        [36.15999984741211, 3.3999996185302734],
        [37.7599983215332, 3.3999996185302734],
        [39.36000061035156, 3.5]
      ]
    },
    {
      "bird_view_poly_coeff": [
        -2.0264692306518555,
        -0.14285771548748016,
        0.0,
        0.0
      ],
      "perspective_view_poly_coeff": [
        749.8670654296875,
        0.3031044900417328,
        -0.003601286793127656,
        1.7677596133580664e-6
      ],
      "confidence": 99,
      "warning": false,
      "label": 1,
      "color": 4,
      "type": 1,
      "width": 0.19999998807907104,
      "start": [-15.0, 874.9450073242188],
      "end": [39.52000045776367, 422.5901794433594],
      "bird_view_pts": [
        [8.80000114440918, -3.1800003051757812],
        [9.120000839233398, -3.2400002479553223],
        [9.440000534057617, -3.2800002098083496],
        [9.760000228881836, -3.320000171661377],
        [10.079999923706055, -3.4000000953674316],
        [10.400001525878906, -3.440000057220459],
        [10.720001220703125, -3.5],
        [11.040000915527344, -3.5399999618530273],
        [11.360000610351562, -3.5999999046325684],
        [11.680000305175781, -3.6399998664855957],
        [12.0, -3.700000286102295],
        [12.319999694824219, -3.7200002670288086],
        [12.64000129699707, -3.7800002098083496],
        [12.960000991821289, -3.8400001525878906],
        [13.280000686645508, -3.9000000953674316],
        [13.600000381469727, -3.9600000381469727],
        [13.920000076293945, -4.0],
        [14.239999771118164, -4.039999961853027],
        [14.720001220703125, -4.119999885559082],
        [15.200000762939453, -4.180000305175781],
        [15.520000457763672, -4.220000267028809],
        [15.84000015258789, -4.279999732971191],
        [16.31999969482422, -4.320000171661377],
        [16.64000129699707, -4.380000114440918],
        [16.96000099182129, -4.420000076293945],
        [17.280000686645508, -4.5],
        [17.760000228881836, -4.539999961853027],
        [18.079999923706055, -4.579999923706055],
        [18.399999618530273, -4.659999847412109],
        [18.880001068115234, -4.739999771118164],
        [19.200000762939453, -4.800000190734863],
        [19.68000030517578, -4.860000133514404],
        [20.15999984741211, -4.900000095367432],
        [20.64000129699707, -5.0],
        [21.1200008392334, -5.060000419616699],
        [21.600000381469727, -5.119999885559082],
        [22.239999771118164, -5.180000305175781],
        [22.720001220703125, -5.320000171661377],
        [23.360000610351562, -5.380000114440918],
        [24.0, -5.460000038146973],
        [24.799999237060547, -5.559999942779541],
        [25.440000534057617, -5.680000305175781],
        [26.240001678466797, -5.840000152587891],
        [27.040000915527344, -5.940000057220459],
        [28.0, -6.059999942779541],
        [28.959999084472656, -6.180000305175781],
        [29.920000076293945, -6.320000171661377],
        [31.040000915527344, -6.460000038146973],
        [32.15999984741211, -6.639999866485596],
        [33.279998779296875, -6.619999885559082],
        [34.720001220703125, -7.039999961853027],
        [36.15999984741211, -7.28000020980835],
        [37.7599983215332, -7.5],
        [39.52000045776367, -7.639999866485596]
      ]
    }
  ],
  "pedestrians": [
    {
      "detect_box": [641.0, 293.0, 26.0, 88.0],
      "regressed_box": [642.0, 292.0, 20.0, 85.0],
      "dist": 451.82049560546875,
      "ttc": 7.0,
      "classify_type": 1,
      "type_conf": -1.0,
      "world_x": 451.82049560546875,
      "world_y": -1.2058703899383545,
      "is_danger": true,
      "is_key": false,
      "predicted": false,
      "could_be_tracked": true,
      "lateral_velocity": 500.0,
      "longitudinal_velocity": 500.0,
      "id": 9,
      "tm": 1551238707055
    }
  ],
  "pcw_on": false,
  "ped_on": true,
  "vehicle_trace_res_list": [
    {
      "det_rect": [537.0, 307.0, 85.0, 71.0],
      "confidence": 0.93988037109375,
      "hit_type": 0,
      "vehicle_class": 1,
      "vehicle_id": 65,
      "track_cnt": 0
    }
  ],
  "vehicle_measure_res_list": [
    {
      "det_rect": [537.0, 307.0, 85.0, 71.0],
      "reg_rect": [541.9453125, 311.71875, 69.328125, 67.3359375],
      "smooth_rect": [0.0, 0.0, 0.0, 0.0],
      "confidence": 0.93988037109375,
      "hit_type": 0,
      "vehicle_class": 1,
      "vehicle_id": 65,
      "track_cnt": 0,
      "longitude_dist": 31.303936004638672,
      "lateral_dist": -1.7945307493209839,
      "headway": 284.5,
      "ttc": 7.0,
      "rel_speed": 0.0,
      "speed_acc": 0.0,
      "on_route": false,
      "is_still": false,