{
  "frame_id": 49391,
  "speed": 0.5555555820465088,
  "camera": { "frame_id": 49391 },
  "pedestrians": [],
  "ped_on": false,
  "pcw_on": false,
  "lane": [
    {
      "bird_view_poly_coeff": [
        -1.3279861211776733,
        -0.0026984091382473707,
        0.0007308434578590095,
        -1.6240298919001361e-6
      ],
      "perspective_view_poly_coeff": [
        1438.58642578125,
        -2.089141607284546,
        0.0005468730814754963,
        0.0
      ],
      "confidence": 44,
      "warning": false,
      "label": 1,
      "color": 4,
      "type": 1,
      "width": 0.5999999642372131,
      "start": [-15.0, 863.7600708007812],
      "end": [37.0, 417.32598876953125],
      "bird_view_pts": [
        [6.400001525878906, -1.4200000762939453],
        [6.720001220703125, -1.4000000953674316],
        [7.040000915527344, -1.3600001335144043],
        [7.3600006103515625, -1.3400001525878906],
        [7.680000305175781, -1.3400001525878906],
        [8.0, -1.3000001907348633],
        [8.320001602172852, -1.2800002098083496],
        [8.64000129699707, -1.260000228881836],
        [8.960000991821289, -1.2400002479553223],
        [9.280000686645508, -1.2400002479553223],
        [9.600000381469727, -1.2200002670288086],
        [9.920000076293945, -1.2200002670288086],
        [10.239999771118164, -1.2200002670288086],
        [10.560001373291016, -1.2200002670288086],
        [10.880001068115234, -1.1800003051757812],
        [11.200000762939453, -1.2200002670288086],
        [11.520000457763672, -1.2200002670288086],
        [11.84000015258789, -1.2200002670288086],
        [12.15999984741211, -1.200000286102295],
        [12.480001449584961, -1.200000286102295],
        [12.80000114440918, -1.1800003051757812],
        [13.120000839233398, -1.200000286102295],
        [13.440000534057617, -1.1800003051757812],
        [13.920000076293945, -1.140000343322754],
        [14.400001525878906, -1.140000343322754],
        [14.880001068115234, -1.1200003623962402],
        [15.680000305175781, -1.2200002670288086]
      ]
    },
    {
      "bird_view_poly_coeff": [
        1.057361125946045,
        0.0022213656920939684,
        0.0,
        0.0
      ],
      "perspective_view_poly_coeff": [
        289.2696838378906,
        1.0588017702102661,
        0.0,
        0.0
      ],
      "confidence": 44,
      "warning": true,
      "label": 2,
      "color": 4,
      "type": 1,
      "width": 0.1599999964237213,
      "start": [-15.0, 871.9576416015625],
      "end": [37.0, 417.36322021484375],
      "bird_view_pts": [
        [6.400001525878906, 1.0799999237060547],
        [6.720001220703125, 1.0799999237060547],
        [7.040000915527344, 1.0799999237060547],
        [7.3600006103515625, 1.0999994277954102],
        [7.680000305175781, 1.0999994277954102],
        [8.0, 1.0999994277954102],
        [8.320001602172852, 1.0999994277954102],
        [8.64000129699707, 1.119999885559082],
        [8.960000991821289, 1.119999885559082],
        [9.280000686645508, 1.119999885559082],
        [9.600000381469727, 1.119999885559082]
      ]
    },
    {
      "bird_view_poly_coeff": [
        2.8880367279052734,
        0.02087615430355072,
        0.0,
        0.0
      ],
      "perspective_view_poly_coeff": [
        -377.3533935546875,
        2.894571542739868,
        0.0,
        0.0
      ],
      "confidence": 44,
      "warning": false,
      "label": 5,
      "color": 4,
      "type": 0,
      "width": 0.2800000011920929,
      "start": [-15.0, 878.6724243164062],
      "end": [37.0, 417.420654296875],
      "bird_view_pts": [
        [9.120000839233398, 3.059999465942383],
        [9.440000534057617, 3.059999465942383],
        [9.760000228881836, 3.059999465942383],
        [10.079999923706055, 3.0799999237060547],
        [10.400001525878906, 3.0799999237060547],
        [10.720001220703125, 3.119999885559082],
        [15.680000305175781, 3.1599998474121094],
        [16.0, 3.179999351501465],
        [16.31999969482422, 3.219999313354492],
        [16.64000129699707, 3.219999313354492],
        [16.96000099182129, 3.179999351501465],
        [17.280000686645508, 3.1999998092651367],
        [17.600000381469727, 3.2599992752075195],
        [17.920000076293945, 3.239999771118164],
        [18.399999618530273, 3.2599992752075195],
        [18.720001220703125, 3.2599992752075195],
        [19.200000762939453, 3.3000001907348633],
        [19.520000457763672, 3.3000001907348633],
        [20.0, 3.3199996948242188],
        [20.479999542236328, 3.3400001525878906]
      ]
    }
  ],
  "ldwparams": {
    "deviate_state": "0",
    "left_wheel_dist": "0.59",
    "right_wheel_dist": "0.04",
    "warning_dist": "0.04",
    "lateral_speed": "0.00",
    "earliest_dist": "0.10",
    "latest_dist": "-0.80",
    "deviate_trend": "3",
    "frame_id": "49391.00"
  },
  "vehicle_trace_res_list": [
    {
      "det_rect": [
        614.9765625,
        320.0714416503906,
        256.8984375,
        224.95982360839844
      ],
      "confidence": 0.8519287109375,
      "hit_type": 0,
      "vehicle_class": 1,
      "vehicle_id": 5026,
      "track_cnt": 0
    }
  ],
  "vehicle_measure_res_list": [
    {
      "det_rect": [
        614.9765625,
        320.0714416503906,
        256.8984375,
        224.95982360839844
      ],
      "reg_rect": [632.3125, 339.359375, 224.24571228027344, 196.109375],
      "smooth_rect": [
        647.4317626953125,
        335.7877197265625,
        188.021484375,
        207.1718292236328
      ],
      "confidence": 0.8519287109375,
      "hit_type": 0,
      "vehicle_class": 1,
      "vehicle_id": 5026,
      "track_cnt": 0,
      "longitude_dist": 9.832476615905762,
      "lateral_dist": 0.6008161306381226,
      "headway": 17.5,
      "ttc": 7.0,
      "rel_speed": -0.555419921875,
      "speed_acc": 0.0,
      "on_route": true,
      "is_still": false,
      "is_crucial": true,
      "is_second_crucial": false
    }
  ],
  "vehicle_warning": {
    "vehicle_id": 5026,
    "headway": 17.5,
    "fcw": 0,
    "headway_warning": 0,
    "vb_warning": 0,
    "frame_id": 49391
  },
  "env": { "fps": "15.91" }
}
